,Column1.period,Column1.productId,Column1.productName,Column1.activityId,Column1.activityName,Column1.countryRegionId,Column1.countryRegionName,Column1.countryRegionTypeId,Column1.countryRegionTypeName,Column1.unit,Column1.unitName,Column1.dataFlagId,Column1.dataFlagDescription,Column1.value
0,2022-09,57,Crude oil including lease condensate,1,Production,WORL,World,r,Region,TBPD,thousand barrels per day,,,81654.3654520732
1,2022-08,57,Crude oil including lease condensate,1,Production,WORL,World,r,Region,TBPD,thousand barrels per day,,,81340.37168323947
2,2022-07,57,Crude oil including lease condensate,1,Production,WORL,World,r,Region,TBPD,thousand barrels per day,,,80311.16356323524
3,2022-06,57,Crude oil including lease condensate,1,Production,WORL,World,r,Region,TBPD,thousand barrels per day,,,79309.11073324668
4,2022-05,57,Crude oil including lease condensate,1,Production,WORL,World,r,Region,TBPD,thousand barrels per day,,,79007.9537247773
5,2022-04,57,Crude oil including lease condensate,1,Production,WORL,World,r,Region,TBPD,thousand barrels per day,,,79561.46902767902
6,2022-03,57,Crude oil including lease condensate,1,Production,WORL,World,r,Region,TBPD,thousand barrels per day,,,80543.08193206608
7,2022-02,57,Crude oil including lease condensate,1,Production,WORL,World,r,Region,TBPD,thousand barrels per day,,,80641.09699779714
8,2022-01,57,Crude oil including lease condensate,1,Production,WORL,World,r,Region,TBPD,thousand barrels per day,,,79642.8936882646
9,2021-12,57,Crude oil including lease condensate,1,Production,WORL,World,r,Region,TBPD,thousand barrels per day,,,79559.38853442138
10,2021-11,57,Crude oil including lease condensate,1,Production,WORL,World,r,Region,TBPD,thousand barrels per day,,,79885.79637588655
11,2021-10,57,Crude oil including lease condensate,1,Production,WORL,World,r,Region,TBPD,thousand barrels per day,,,79040.35367547047
12,2021-09,57,Crude oil including lease condensate,1,Production,WORL,World,r,Region,TBPD,thousand barrels per day,,,77722.88205836024
13,2021-08,57,Crude oil including lease condensate,1,Production,WORL,World,r,Region,TBPD,thousand barrels per day,,,77379.32680825364
14,2021-07,57,Crude oil including lease condensate,1,Production,WORL,World,r,Region,TBPD,thousand barrels per day,,,77735.99963143164
15,2021-06,57,Crude oil including lease condensate,1,Production,WORL,World,r,Region,TBPD,thousand barrels per day,,,76608.43496952804
16,2021-05,57,Crude oil including lease condensate,1,Production,WORL,World,r,Region,TBPD,thousand barrels per day,,,75960.74219459445
17,2021-04,57,Crude oil including lease condensate,1,Production,WORL,World,r,Region,TBPD,thousand barrels per day,,,75486.58804909248
18,2021-03,57,Crude oil including lease condensate,1,Production,WORL,World,r,Region,TBPD,thousand barrels per day,,,76040.36447463467
19,2021-02,57,Crude oil including lease condensate,1,Production,WORL,World,r,Region,TBPD,thousand barrels per day,,,74052.05918152152
20,2021-01,57,Crude oil including lease condensate,1,Production,WORL,World,r,Region,TBPD,thousand barrels per day,,,76106.66000748328
21,2020-12,57,Crude oil including lease condensate,1,Production,WORL,World,r,Region,TBPD,thousand barrels per day,,,75520.32149089186
22,2020-11,57,Crude oil including lease condensate,1,Production,WORL,World,r,Region,TBPD,thousand barrels per day,,,75011.25406425734
23,2020-10,57,Crude oil including lease condensate,1,Production,WORL,World,r,Region,TBPD,thousand barrels per day,,,73147.04056537512
24,2020-09,57,Crude oil including lease condensate,1,Production,WORL,World,r,Region,TBPD,thousand barrels per day,,,72632.73785934421
25,2020-08,57,Crude oil including lease condensate,1,Production,WORL,World,r,Region,TBPD,thousand barrels per day,,,72736.86330168934
26,2020-07,57,Crude oil including lease condensate,1,Production,WORL,World,r,Region,TBPD,thousand barrels per day,,,71623.88008681775
27,2020-06,57,Crude oil including lease condensate,1,Production,WORL,World,r,Region,TBPD,thousand barrels per day,,,70283.74093410169
28,2020-05,57,Crude oil including lease condensate,1,Production,WORL,World,r,Region,TBPD,thousand barrels per day,,,71384.93427022111
29,2020-04,57,Crude oil including lease condensate,1,Production,WORL,World,r,Region,TBPD,thousand barrels per day,,,82583.96348068853
30,2020-03,57,Crude oil including lease condensate,1,Production,WORL,World,r,Region,TBPD,thousand barrels per day,,,82321.12126257156
31,2020-02,57,Crude oil including lease condensate,1,Production,WORL,World,r,Region,TBPD,thousand barrels per day,,,82120.34563999053
32,2020-01,57,Crude oil including lease condensate,1,Production,WORL,World,r,Region,TBPD,thousand barrels per day,,,83029.29297930661
33,2019-12,57,Crude oil including lease condensate,1,Production,WORL,World,r,Region,TBPD,thousand barrels per day,,,83349.58235156603
34,2019-11,57,Crude oil including lease condensate,1,Production,WORL,World,r,Region,TBPD,thousand barrels per day,,,83409.38049283306
35,2019-10,57,Crude oil including lease condensate,1,Production,WORL,World,r,Region,TBPD,thousand barrels per day,,,82479.66199751926
36,2019-09,57,Crude oil including lease condensate,1,Production,WORL,World,r,Region,TBPD,thousand barrels per day,,,80647.09677237796
37,2019-08,57,Crude oil including lease condensate,1,Production,WORL,World,r,Region,TBPD,thousand barrels per day,,,82318.7921916417
38,2019-07,57,Crude oil including lease condensate,1,Production,WORL,World,r,Region,TBPD,thousand barrels per day,,,81252.85485216067
39,2019-06,57,Crude oil including lease condensate,1,Production,WORL,World,r,Region,TBPD,thousand barrels per day,,,81715.99461052573
40,2019-05,57,Crude oil including lease condensate,1,Production,WORL,World,r,Region,TBPD,thousand barrels per day,,,81577.0250482904
41,2019-04,57,Crude oil including lease condensate,1,Production,WORL,World,r,Region,TBPD,thousand barrels per day,,,82102.29004103791
42,2019-03,57,Crude oil including lease condensate,1,Production,WORL,World,r,Region,TBPD,thousand barrels per day,,,82265.78655215159
43,2019-02,57,Crude oil including lease condensate,1,Production,WORL,World,r,Region,TBPD,thousand barrels per day,,,82352.30702002249
44,2019-01,57,Crude oil including lease condensate,1,Production,WORL,World,r,Region,TBPD,thousand barrels per day,,,82550.30210615529
45,2018-12,57,Crude oil including lease condensate,1,Production,WORL,World,r,Region,TBPD,thousand barrels per day,,,84193.85600311168
46,2018-11,57,Crude oil including lease condensate,1,Production,WORL,World,r,Region,TBPD,thousand barrels per day,,,84585.02057509459
47,2018-10,57,Crude oil including lease condensate,1,Production,WORL,World,r,Region,TBPD,thousand barrels per day,,,84301.43370731093
48,2018-09,57,Crude oil including lease condensate,1,Production,WORL,World,r,Region,TBPD,thousand barrels per day,,,83304.64347368422
49,2018-08,57,Crude oil including lease condensate,1,Production,WORL,World,r,Region,TBPD,thousand barrels per day,,,83336.83982218674
50,2018-07,57,Crude oil including lease condensate,1,Production,WORL,World,r,Region,TBPD,thousand barrels per day,,,82841.78041753486
51,2018-06,57,Crude oil including lease condensate,1,Production,WORL,World,r,Region,TBPD,thousand barrels per day,,,82302.44906364994
52,2018-05,57,Crude oil including lease condensate,1,Production,WORL,World,r,Region,TBPD,thousand barrels per day,,,81889.74351471198
53,2018-04,57,Crude oil including lease condensate,1,Production,WORL,World,r,Region,TBPD,thousand barrels per day,,,82086.13780453804
54,2018-03,57,Crude oil including lease condensate,1,Production,WORL,World,r,Region,TBPD,thousand barrels per day,,,82346.23118595463
55,2018-02,57,Crude oil including lease condensate,1,Production,WORL,World,r,Region,TBPD,thousand barrels per day,,,82354.3969323221
56,2018-01,57,Crude oil including lease condensate,1,Production,WORL,World,r,Region,TBPD,thousand barrels per day,,,82227.91459109091
57,2017-12,57,Crude oil including lease condensate,1,Production,WORL,World,r,Region,TBPD,thousand barrels per day,,,81634.92413592928
58,2017-11,57,Crude oil including lease condensate,1,Production,WORL,World,r,Region,TBPD,thousand barrels per day,,,82119.3494827765
59,2017-10,57,Crude oil including lease condensate,1,Production,WORL,World,r,Region,TBPD,thousand barrels per day,,,81541.27643518378
60,2017-09,57,Crude oil including lease condensate,1,Production,WORL,World,r,Region,TBPD,thousand barrels per day,,,81364.58432495875
61,2017-08,57,Crude oil including lease condensate,1,Production,WORL,World,r,Region,TBPD,thousand barrels per day,,,81215.41000861065
62,2017-07,57,Crude oil including lease condensate,1,Production,WORL,World,r,Region,TBPD,thousand barrels per day,,,81725.02580321241
63,2017-06,57,Crude oil including lease condensate,1,Production,WORL,World,r,Region,TBPD,thousand barrels per day,,,81332.39952318533
64,2017-05,57,Crude oil including lease condensate,1,Production,WORL,World,r,Region,TBPD,thousand barrels per day,,,80799.96750353255
65,2017-04,57,Crude oil including lease condensate,1,Production,WORL,World,r,Region,TBPD,thousand barrels per day,,,80202.35472294607
66,2017-03,57,Crude oil including lease condensate,1,Production,WORL,World,r,Region,TBPD,thousand barrels per day,,,80645.2769693765
67,2017-02,57,Crude oil including lease condensate,1,Production,WORL,World,r,Region,TBPD,thousand barrels per day,,,81120.29326615664
68,2017-01,57,Crude oil including lease condensate,1,Production,WORL,World,r,Region,TBPD,thousand barrels per day,,,81325.78299751513
69,2016-12,57,Crude oil including lease condensate,1,Production,WORL,World,r,Region,TBPD,thousand barrels per day,,,82279.631
70,2016-11,57,Crude oil including lease condensate,1,Production,WORL,World,r,Region,TBPD,thousand barrels per day,,,82831.178
71,2016-10,57,Crude oil including lease condensate,1,Production,WORL,World,r,Region,TBPD,thousand barrels per day,,,81832.065
72,2016-09,57,Crude oil including lease condensate,1,Production,WORL,World,r,Region,TBPD,thousand barrels per day,,,80674.691
73,2016-08,57,Crude oil including lease condensate,1,Production,WORL,World,r,Region,TBPD,thousand barrels per day,,,80314.991
74,2016-07,57,Crude oil including lease condensate,1,Production,WORL,World,r,Region,TBPD,thousand barrels per day,,,80884.465
75,2016-06,57,Crude oil including lease condensate,1,Production,WORL,World,r,Region,TBPD,thousand barrels per day,,,80126.071
76,2016-05,57,Crude oil including lease condensate,1,Production,WORL,World,r,Region,TBPD,thousand barrels per day,,,79413.009
77,2016-04,57,Crude oil including lease condensate,1,Production,WORL,World,r,Region,TBPD,thousand barrels per day,,,80204.962
78,2016-03,57,Crude oil including lease condensate,1,Production,WORL,World,r,Region,TBPD,thousand barrels per day,,,80979.948
79,2016-02,57,Crude oil including lease condensate,1,Production,WORL,World,r,Region,TBPD,thousand barrels per day,,,81094.286
80,2016-01,57,Crude oil including lease condensate,1,Production,WORL,World,r,Region,TBPD,thousand barrels per day,,,81838.853
81,2015-12,57,Crude oil including lease condensate,1,Production,WORL,World,r,Region,TBPD,thousand barrels per day,,,81893.8991871
82,2015-11,57,Crude oil including lease condensate,1,Production,WORL,World,r,Region,TBPD,thousand barrels per day,,,81712.7811871
83,2015-10,57,Crude oil including lease condensate,1,Production,WORL,World,r,Region,TBPD,thousand barrels per day,,,81039.0801871
84,2015-09,57,Crude oil including lease condensate,1,Production,WORL,World,r,Region,TBPD,thousand barrels per day,,,81088.4861871
85,2015-08,57,Crude oil including lease condensate,1,Production,WORL,World,r,Region,TBPD,thousand barrels per day,,,81196.0111871
86,2015-07,57,Crude oil including lease condensate,1,Production,WORL,World,r,Region,TBPD,thousand barrels per day,,,81457.7301871
87,2015-06,57,Crude oil including lease condensate,1,Production,WORL,World,r,Region,TBPD,thousand barrels per day,,,80942.9771871
88,2015-05,57,Crude oil including lease condensate,1,Production,WORL,World,r,Region,TBPD,thousand barrels per day,,,80488.1471871
89,2015-04,57,Crude oil including lease condensate,1,Production,WORL,World,r,Region,TBPD,thousand barrels per day,,,80578.1771871
90,2015-03,57,Crude oil including lease condensate,1,Production,WORL,World,r,Region,TBPD,thousand barrels per day,,,80948.3231871
91,2015-02,57,Crude oil including lease condensate,1,Production,WORL,World,r,Region,TBPD,thousand barrels per day,,,80032.0901871
92,2015-01,57,Crude oil including lease condensate,1,Production,WORL,World,r,Region,TBPD,thousand barrels per day,,,80131.9271871
93,2014-12,57,Crude oil including lease condensate,1,Production,WORL,World,r,Region,TBPD,thousand barrels per day,,,80868.00741280412
94,2014-11,57,Crude oil including lease condensate,1,Production,WORL,World,r,Region,TBPD,thousand barrels per day,,,80002.89541280411
95,2014-10,57,Crude oil including lease condensate,1,Production,WORL,World,r,Region,TBPD,thousand barrels per day,,,80195.07941280412
96,2014-09,57,Crude oil including lease condensate,1,Production,WORL,World,r,Region,TBPD,thousand barrels per day,,,79194.94641280411
97,2014-08,57,Crude oil including lease condensate,1,Production,WORL,World,r,Region,TBPD,thousand barrels per day,,,78453.68441280411
98,2014-07,57,Crude oil including lease condensate,1,Production,WORL,World,r,Region,TBPD,thousand barrels per day,,,78166.23841280412
99,2014-06,57,Crude oil including lease condensate,1,Production,WORL,World,r,Region,TBPD,thousand barrels per day,,,77884.37841280412
100,2014-05,57,Crude oil including lease condensate,1,Production,WORL,World,r,Region,TBPD,thousand barrels per day,,,77612.5464128041
101,2014-04,57,Crude oil including lease condensate,1,Production,WORL,World,r,Region,TBPD,thousand barrels per day,,,77380.34441280412
102,2014-03,57,Crude oil including lease condensate,1,Production,WORL,World,r,Region,TBPD,thousand barrels per day,,,77579.3334128041
103,2014-02,57,Crude oil including lease condensate,1,Production,WORL,World,r,Region,TBPD,thousand barrels per day,,,78246.40741280411
104,2014-01,57,Crude oil including lease condensate,1,Production,WORL,World,r,Region,TBPD,thousand barrels per day,,,77724.05641280412
105,2013-12,57,Crude oil including lease condensate,1,Production,WORL,World,r,Region,TBPD,thousand barrels per day,,,77507.0097694
106,2013-11,57,Crude oil including lease condensate,1,Production,WORL,World,r,Region,TBPD,thousand barrels per day,,,77102.5227694
107,2013-10,57,Crude oil including lease condensate,1,Production,WORL,World,r,Region,TBPD,thousand barrels per day,,,76794.1967694
108,2013-09,57,Crude oil including lease condensate,1,Production,WORL,World,r,Region,TBPD,thousand barrels per day,,,76526.4167694
109,2013-08,57,Crude oil including lease condensate,1,Production,WORL,World,r,Region,TBPD,thousand barrels per day,,,76998.2267694
110,2013-07,57,Crude oil including lease condensate,1,Production,WORL,World,r,Region,TBPD,thousand barrels per day,,,77231.6337694
111,2013-06,57,Crude oil including lease condensate,1,Production,WORL,World,r,Region,TBPD,thousand barrels per day,,,76711.7967694
112,2013-05,57,Crude oil including lease condensate,1,Production,WORL,World,r,Region,TBPD,thousand barrels per day,,,76620.9277694
113,2013-04,57,Crude oil including lease condensate,1,Production,WORL,World,r,Region,TBPD,thousand barrels per day,,,76745.9447694
114,2013-03,57,Crude oil including lease condensate,1,Production,WORL,World,r,Region,TBPD,thousand barrels per day,,,76378.0827694
115,2013-02,57,Crude oil including lease condensate,1,Production,WORL,World,r,Region,TBPD,thousand barrels per day,,,76161.6827694
116,2013-01,57,Crude oil including lease condensate,1,Production,WORL,World,r,Region,TBPD,thousand barrels per day,,,76377.0087694
117,2012-12,57,Crude oil including lease condensate,1,Production,WORL,World,r,Region,TBPD,thousand barrels per day,,,76974.86351043225
118,2012-11,57,Crude oil including lease condensate,1,Production,WORL,World,r,Region,TBPD,thousand barrels per day,,,77089.47151043224
119,2012-10,57,Crude oil including lease condensate,1,Production,WORL,World,r,Region,TBPD,thousand barrels per day,,,76556.14651043224
120,2012-09,57,Crude oil including lease condensate,1,Production,WORL,World,r,Region,TBPD,thousand barrels per day,,,75955.06151043224
121,2012-08,57,Crude oil including lease condensate,1,Production,WORL,World,r,Region,TBPD,thousand barrels per day,,,76506.60651043223
122,2012-07,57,Crude oil including lease condensate,1,Production,WORL,World,r,Region,TBPD,thousand barrels per day,,,76521.11351043225
123,2012-06,57,Crude oil including lease condensate,1,Production,WORL,World,r,Region,TBPD,thousand barrels per day,,,76310.81551043224
124,2012-05,57,Crude oil including lease condensate,1,Production,WORL,World,r,Region,TBPD,thousand barrels per day,,,76504.27851043224
125,2012-04,57,Crude oil including lease condensate,1,Production,WORL,World,r,Region,TBPD,thousand barrels per day,,,77212.19551043224
126,2012-03,57,Crude oil including lease condensate,1,Production,WORL,World,r,Region,TBPD,thousand barrels per day,,,76877.95251043224
127,2012-02,57,Crude oil including lease condensate,1,Production,WORL,World,r,Region,TBPD,thousand barrels per day,,,76975.13151043224
128,2012-01,57,Crude oil including lease condensate,1,Production,WORL,World,r,Region,TBPD,thousand barrels per day,,,76731.48151043223
129,2011-12,57,Crude oil including lease condensate,1,Production,WORL,World,r,Region,TBPD,thousand barrels per day,,,76553.79766097397
130,2011-11,57,Crude oil including lease condensate,1,Production,WORL,World,r,Region,TBPD,thousand barrels per day,,,76173.43166097398
131,2011-10,57,Crude oil including lease condensate,1,Production,WORL,World,r,Region,TBPD,thousand barrels per day,,,75175.76566097398
132,2011-09,57,Crude oil including lease condensate,1,Production,WORL,World,r,Region,TBPD,thousand barrels per day,,,74647.10566097398
133,2011-08,57,Crude oil including lease condensate,1,Production,WORL,World,r,Region,TBPD,thousand barrels per day,,,75310.72266097397
134,2011-07,57,Crude oil including lease condensate,1,Production,WORL,World,r,Region,TBPD,thousand barrels per day,,,74884.40966097396
135,2011-06,57,Crude oil including lease condensate,1,Production,WORL,World,r,Region,TBPD,thousand barrels per day,,,74462.10366097397
136,2011-05,57,Crude oil including lease condensate,1,Production,WORL,World,r,Region,TBPD,thousand barrels per day,,,73665.43066097397
137,2011-04,57,Crude oil including lease condensate,1,Production,WORL,World,r,Region,TBPD,thousand barrels per day,,,74294.24266097398
138,2011-03,57,Crude oil including lease condensate,1,Production,WORL,World,r,Region,TBPD,thousand barrels per day,,,74445.12166097398
139,2011-02,57,Crude oil including lease condensate,1,Production,WORL,World,r,Region,TBPD,thousand barrels per day,,,75488.70266097397
140,2011-01,57,Crude oil including lease condensate,1,Production,WORL,World,r,Region,TBPD,thousand barrels per day,,,75924.98366097397
141,2010-12,57,Crude oil including lease condensate,1,Production,WORL,World,r,Region,TBPD,thousand barrels per day,,,75146.0299469612
142,2010-11,57,Crude oil including lease condensate,1,Production,WORL,World,r,Region,TBPD,thousand barrels per day,,,75057.20594696118
143,2010-10,57,Crude oil including lease condensate,1,Production,WORL,World,r,Region,TBPD,thousand barrels per day,,,74727.80594696119
144,2010-09,57,Crude oil including lease condensate,1,Production,WORL,World,r,Region,TBPD,thousand barrels per day,,,74392.56194696118
145,2010-08,57,Crude oil including lease condensate,1,Production,WORL,World,r,Region,TBPD,thousand barrels per day,,,74078.49194696119
146,2010-07,57,Crude oil including lease condensate,1,Production,WORL,World,r,Region,TBPD,thousand barrels per day,,,74201.81294696119
147,2010-06,57,Crude oil including lease condensate,1,Production,WORL,World,r,Region,TBPD,thousand barrels per day,,,73949.59494696118
148,2010-05,57,Crude oil including lease condensate,1,Production,WORL,World,r,Region,TBPD,thousand barrels per day,,,74314.99894696119
149,2010-04,57,Crude oil including lease condensate,1,Production,WORL,World,r,Region,TBPD,thousand barrels per day,,,74266.16994696119
150,2010-03,57,Crude oil including lease condensate,1,Production,WORL,World,r,Region,TBPD,thousand barrels per day,,,74519.76694696119
151,2010-02,57,Crude oil including lease condensate,1,Production,WORL,World,r,Region,TBPD,thousand barrels per day,,,74279.86294696119
152,2010-01,57,Crude oil including lease condensate,1,Production,WORL,World,r,Region,TBPD,thousand barrels per day,,,73947.84694696119
153,2009-12,57,Crude oil including lease condensate,1,Production,WORL,World,r,Region,TBPD,thousand barrels per day,,,73751.962
154,2009-11,57,Crude oil including lease condensate,1,Production,WORL,World,r,Region,TBPD,thousand barrels per day,,,74051.666
155,2009-10,57,Crude oil including lease condensate,1,Production,WORL,World,r,Region,TBPD,thousand barrels per day,,,73952.272
156,2009-09,57,Crude oil including lease condensate,1,Production,WORL,World,r,Region,TBPD,thousand barrels per day,,,73501.319
157,2009-08,57,Crude oil including lease condensate,1,Production,WORL,World,r,Region,TBPD,thousand barrels per day,,,73051.849
158,2009-07,57,Crude oil including lease condensate,1,Production,WORL,World,r,Region,TBPD,thousand barrels per day,,,73594.812
159,2009-06,57,Crude oil including lease condensate,1,Production,WORL,World,r,Region,TBPD,thousand barrels per day,,,72637.555
160,2009-05,57,Crude oil including lease condensate,1,Production,WORL,World,r,Region,TBPD,thousand barrels per day,,,72499.654
161,2009-04,57,Crude oil including lease condensate,1,Production,WORL,World,r,Region,TBPD,thousand barrels per day,,,72914.734
162,2009-03,57,Crude oil including lease condensate,1,Production,WORL,World,r,Region,TBPD,thousand barrels per day,,,72620.321
163,2009-02,57,Crude oil including lease condensate,1,Production,WORL,World,r,Region,TBPD,thousand barrels per day,,,72783.553
164,2009-01,57,Crude oil including lease condensate,1,Production,WORL,World,r,Region,TBPD,thousand barrels per day,,,72370.775
165,2008-12,57,Crude oil including lease condensate,1,Production,WORL,World,r,Region,TBPD,thousand barrels per day,,,73458.713
166,2008-11,57,Crude oil including lease condensate,1,Production,WORL,World,r,Region,TBPD,thousand barrels per day,,,74226.965
167,2008-10,57,Crude oil including lease condensate,1,Production,WORL,World,r,Region,TBPD,thousand barrels per day,,,74394.145
168,2008-09,57,Crude oil including lease condensate,1,Production,WORL,World,r,Region,TBPD,thousand barrels per day,,,73394.476
169,2008-08,57,Crude oil including lease condensate,1,Production,WORL,World,r,Region,TBPD,thousand barrels per day,,,74393.744
170,2008-07,57,Crude oil including lease condensate,1,Production,WORL,World,r,Region,TBPD,thousand barrels per day,,,75487.395
171,2008-06,57,Crude oil including lease condensate,1,Production,WORL,World,r,Region,TBPD,thousand barrels per day,,,74733.633
172,2008-05,57,Crude oil including lease condensate,1,Production,WORL,World,r,Region,TBPD,thousand barrels per day,,,74726.227
173,2008-04,57,Crude oil including lease condensate,1,Production,WORL,World,r,Region,TBPD,thousand barrels per day,,,74407.701
174,2008-03,57,Crude oil including lease condensate,1,Production,WORL,World,r,Region,TBPD,thousand barrels per day,,,74978.738
175,2008-02,57,Crude oil including lease condensate,1,Production,WORL,World,r,Region,TBPD,thousand barrels per day,,,74752.704
176,2008-01,57,Crude oil including lease condensate,1,Production,WORL,World,r,Region,TBPD,thousand barrels per day,,,74663.653
177,2007-12,57,Crude oil including lease condensate,1,Production,WORL,World,r,Region,TBPD,thousand barrels per day,,,74309.542
178,2007-11,57,Crude oil including lease condensate,1,Production,WORL,World,r,Region,TBPD,thousand barrels per day,,,73699.292
179,2007-10,57,Crude oil including lease condensate,1,Production,WORL,World,r,Region,TBPD,thousand barrels per day,,,73965.493
180,2007-09,57,Crude oil including lease condensate,1,Production,WORL,World,r,Region,TBPD,thousand barrels per day,,,73238.717
181,2007-08,57,Crude oil including lease condensate,1,Production,WORL,World,r,Region,TBPD,thousand barrels per day,,,72584.078
182,2007-07,57,Crude oil including lease condensate,1,Production,WORL,World,r,Region,TBPD,thousand barrels per day,,,73204.537
183,2007-06,57,Crude oil including lease condensate,1,Production,WORL,World,r,Region,TBPD,thousand barrels per day,,,72612.428
184,2007-05,57,Crude oil including lease condensate,1,Production,WORL,World,r,Region,TBPD,thousand barrels per day,,,73003.677
185,2007-04,57,Crude oil including lease condensate,1,Production,WORL,World,r,Region,TBPD,thousand barrels per day,,,73546.258
186,2007-03,57,Crude oil including lease condensate,1,Production,WORL,World,r,Region,TBPD,thousand barrels per day,,,73339.229
187,2007-02,57,Crude oil including lease condensate,1,Production,WORL,World,r,Region,TBPD,thousand barrels per day,,,73344.329
188,2007-01,57,Crude oil including lease condensate,1,Production,WORL,World,r,Region,TBPD,thousand barrels per day,,,73032.233
189,2006-12,57,Crude oil including lease condensate,1,Production,WORL,World,r,Region,TBPD,thousand barrels per day,,,73393.865
190,2006-11,57,Crude oil including lease condensate,1,Production,WORL,World,r,Region,TBPD,thousand barrels per day,,,73472.423
191,2006-10,57,Crude oil including lease condensate,1,Production,WORL,World,r,Region,TBPD,thousand barrels per day,,,73907.32
192,2006-09,57,Crude oil including lease condensate,1,Production,WORL,World,r,Region,TBPD,thousand barrels per day,,,73572.09
193,2006-08,57,Crude oil including lease condensate,1,Production,WORL,World,r,Region,TBPD,thousand barrels per day,,,73938.321
194,2006-07,57,Crude oil including lease condensate,1,Production,WORL,World,r,Region,TBPD,thousand barrels per day,,,74219.832
195,2006-06,57,Crude oil including lease condensate,1,Production,WORL,World,r,Region,TBPD,thousand barrels per day,,,73182.563
196,2006-05,57,Crude oil including lease condensate,1,Production,WORL,World,r,Region,TBPD,thousand barrels per day,,,73185.435
197,2006-04,57,Crude oil including lease condensate,1,Production,WORL,World,r,Region,TBPD,thousand barrels per day,,,73642.262
198,2006-03,57,Crude oil including lease condensate,1,Production,WORL,World,r,Region,TBPD,thousand barrels per day,,,73577.051
199,2006-02,57,Crude oil including lease condensate,1,Production,WORL,World,r,Region,TBPD,thousand barrels per day,,,73710.713
200,2006-01,57,Crude oil including lease condensate,1,Production,WORL,World,r,Region,TBPD,thousand barrels per day,,,73713.309
201,2005-12,57,Crude oil including lease condensate,1,Production,WORL,World,r,Region,TBPD,thousand barrels per day,,,74242.989
202,2005-11,57,Crude oil including lease condensate,1,Production,WORL,World,r,Region,TBPD,thousand barrels per day,,,74044.705
203,2005-10,57,Crude oil including lease condensate,1,Production,WORL,World,r,Region,TBPD,thousand barrels per day,,,73470.403
204,2005-09,57,Crude oil including lease condensate,1,Production,WORL,World,r,Region,TBPD,thousand barrels per day,,,73411.557
205,2005-08,57,Crude oil including lease condensate,1,Production,WORL,World,r,Region,TBPD,thousand barrels per day,,,73832.036
206,2005-07,57,Crude oil including lease condensate,1,Production,WORL,World,r,Region,TBPD,thousand barrels per day,,,73836.461
207,2005-06,57,Crude oil including lease condensate,1,Production,WORL,World,r,Region,TBPD,thousand barrels per day,,,73968.482
208,2005-05,57,Crude oil including lease condensate,1,Production,WORL,World,r,Region,TBPD,thousand barrels per day,,,74364.868
209,2005-04,57,Crude oil including lease condensate,1,Production,WORL,World,r,Region,TBPD,thousand barrels per day,,,74282.019
210,2005-03,57,Crude oil including lease condensate,1,Production,WORL,World,r,Region,TBPD,thousand barrels per day,,,73964.638
211,2005-02,57,Crude oil including lease condensate,1,Production,WORL,World,r,Region,TBPD,thousand barrels per day,,,73664.995
212,2005-01,57,Crude oil including lease condensate,1,Production,WORL,World,r,Region,TBPD,thousand barrels per day,,,73354.581
213,2004-12,57,Crude oil including lease condensate,1,Production,WORL,World,r,Region,TBPD,thousand barrels per day,,,73093.329
214,2004-11,57,Crude oil including lease condensate,1,Production,WORL,World,r,Region,TBPD,thousand barrels per day,,,73433.577
215,2004-10,57,Crude oil including lease condensate,1,Production,WORL,World,r,Region,TBPD,thousand barrels per day,,,73727.115
216,2004-09,57,Crude oil including lease condensate,1,Production,WORL,World,r,Region,TBPD,thousand barrels per day,,,73112.447
217,2004-08,57,Crude oil including lease condensate,1,Production,WORL,World,r,Region,TBPD,thousand barrels per day,,,72484.561
218,2004-07,57,Crude oil including lease condensate,1,Production,WORL,World,r,Region,TBPD,thousand barrels per day,,,73514.989
219,2004-06,57,Crude oil including lease condensate,1,Production,WORL,World,r,Region,TBPD,thousand barrels per day,,,72973.607
220,2004-05,57,Crude oil including lease condensate,1,Production,WORL,World,r,Region,TBPD,thousand barrels per day,,,71417.886
221,2004-04,57,Crude oil including lease condensate,1,Production,WORL,World,r,Region,TBPD,thousand barrels per day,,,71774.387
222,2004-03,57,Crude oil including lease condensate,1,Production,WORL,World,r,Region,TBPD,thousand barrels per day,,,71821.19
223,2004-02,57,Crude oil including lease condensate,1,Production,WORL,World,r,Region,TBPD,thousand barrels per day,,,71885.392
224,2004-01,57,Crude oil including lease condensate,1,Production,WORL,World,r,Region,TBPD,thousand barrels per day,,,71910.298
225,2003-12,57,Crude oil including lease condensate,1,Production,WORL,World,r,Region,TBPD,thousand barrels per day,,,72127.32016548362
226,2003-11,57,Crude oil including lease condensate,1,Production,WORL,World,r,Region,TBPD,thousand barrels per day,,,70860.66400362871
227,2003-10,57,Crude oil including lease condensate,1,Production,WORL,World,r,Region,TBPD,thousand barrels per day,,,70623.51455653577
228,2003-09,57,Crude oil including lease condensate,1,Production,WORL,World,r,Region,TBPD,thousand barrels per day,,,69660.74702509695
229,2003-08,57,Crude oil including lease condensate,1,Production,WORL,World,r,Region,TBPD,thousand barrels per day,,,69058.90352176932
230,2003-07,57,Crude oil including lease condensate,1,Production,WORL,World,r,Region,TBPD,thousand barrels per day,,,68603.79734467849
231,2003-06,57,Crude oil including lease condensate,1,Production,WORL,World,r,Region,TBPD,thousand barrels per day,,,67977.17468606062
232,2003-05,57,Crude oil including lease condensate,1,Production,WORL,World,r,Region,TBPD,thousand barrels per day,,,68772.77818043875
233,2003-04,57,Crude oil including lease condensate,1,Production,WORL,World,r,Region,TBPD,thousand barrels per day,,,68809.98629372969
234,2003-03,57,Crude oil including lease condensate,1,Production,WORL,World,r,Region,TBPD,thousand barrels per day,,,69883.65840648723
235,2003-02,57,Crude oil including lease condensate,1,Production,WORL,World,r,Region,TBPD,thousand barrels per day,,,69368.13161520964
236,2003-01,57,Crude oil including lease condensate,1,Production,WORL,World,r,Region,TBPD,thousand barrels per day,,,67750.16942198266
237,2002-12,57,Crude oil including lease condensate,1,Production,WORL,World,r,Region,TBPD,thousand barrels per day,,,67352.85167468009
238,2002-11,57,Crude oil including lease condensate,1,Production,WORL,World,r,Region,TBPD,thousand barrels per day,,,69006.4102229094
239,2002-10,57,Crude oil including lease condensate,1,Production,WORL,World,r,Region,TBPD,thousand barrels per day,,,68876.21022378527
240,2002-09,57,Crude oil including lease condensate,1,Production,WORL,World,r,Region,TBPD,thousand barrels per day,,,67465.25135844709
241,2002-08,57,Crude oil including lease condensate,1,Production,WORL,World,r,Region,TBPD,thousand barrels per day,,,66914.73151452583
242,2002-07,57,Crude oil including lease condensate,1,Production,WORL,World,r,Region,TBPD,thousand barrels per day,,,67186.74967231308
243,2002-06,57,Crude oil including lease condensate,1,Production,WORL,World,r,Region,TBPD,thousand barrels per day,,,66705.97191542483
244,2002-05,57,Crude oil including lease condensate,1,Production,WORL,World,r,Region,TBPD,thousand barrels per day,,,66859.48293165312
245,2002-04,57,Crude oil including lease condensate,1,Production,WORL,World,r,Region,TBPD,thousand barrels per day,,,66288.44599976011
246,2002-03,57,Crude oil including lease condensate,1,Production,WORL,World,r,Region,TBPD,thousand barrels per day,,,66824.84505999155
247,2002-02,57,Crude oil including lease condensate,1,Production,WORL,World,r,Region,TBPD,thousand barrels per day,,,67028.49332152447
248,2002-01,57,Crude oil including lease condensate,1,Production,WORL,World,r,Region,TBPD,thousand barrels per day,,,66957.1604746985
249,2001-12,57,Crude oil including lease condensate,1,Production,WORL,World,r,Region,TBPD,thousand barrels per day,,,67692.71755911673
250,2001-11,57,Crude oil including lease condensate,1,Production,WORL,World,r,Region,TBPD,thousand barrels per day,,,68100.41317255564
251,2001-10,57,Crude oil including lease condensate,1,Production,WORL,World,r,Region,TBPD,thousand barrels per day,,,67750.03879798799
252,2001-09,57,Crude oil including lease condensate,1,Production,WORL,World,r,Region,TBPD,thousand barrels per day,,,67852.78371759811
253,2001-08,57,Crude oil including lease condensate,1,Production,WORL,World,r,Region,TBPD,thousand barrels per day,,,68319.82975632806
254,2001-07,57,Crude oil including lease condensate,1,Production,WORL,World,r,Region,TBPD,thousand barrels per day,,,68146.13372161915
255,2001-06,57,Crude oil including lease condensate,1,Production,WORL,World,r,Region,TBPD,thousand barrels per day,,,66206.98416279032
256,2001-05,57,Crude oil including lease condensate,1,Production,WORL,World,r,Region,TBPD,thousand barrels per day,,,67760.75575413652
257,2001-04,57,Crude oil including lease condensate,1,Production,WORL,World,r,Region,TBPD,thousand barrels per day,,,68451.22630171812
258,2001-03,57,Crude oil including lease condensate,1,Production,WORL,World,r,Region,TBPD,thousand barrels per day,,,69380.8485308017
259,2001-02,57,Crude oil including lease condensate,1,Production,WORL,World,r,Region,TBPD,thousand barrels per day,,,68718.72316203799
260,2001-01,57,Crude oil including lease condensate,1,Production,WORL,World,r,Region,TBPD,thousand barrels per day,,,69197.45217172182
261,2000-12,57,Crude oil including lease condensate,1,Production,WORL,World,r,Region,TBPD,thousand barrels per day,,,69280.21151625176
262,2000-11,57,Crude oil including lease condensate,1,Production,WORL,World,r,Region,TBPD,thousand barrels per day,,,70536.25218307239
263,2000-10,57,Crude oil including lease condensate,1,Production,WORL,World,r,Region,TBPD,thousand barrels per day,,,69980.3352827799
264,2000-09,57,Crude oil including lease condensate,1,Production,WORL,World,r,Region,TBPD,thousand barrels per day,,,69542.82358895754
265,2000-08,57,Crude oil including lease condensate,1,Production,WORL,World,r,Region,TBPD,thousand barrels per day,,,69526.1337351867
266,2000-07,57,Crude oil including lease condensate,1,Production,WORL,World,r,Region,TBPD,thousand barrels per day,,,68695.11506073106
267,2000-06,57,Crude oil including lease condensate,1,Production,WORL,World,r,Region,TBPD,thousand barrels per day,,,68074.38501521898
268,2000-05,57,Crude oil including lease condensate,1,Production,WORL,World,r,Region,TBPD,thousand barrels per day,,,68276.18632725335
269,2000-04,57,Crude oil including lease condensate,1,Production,WORL,World,r,Region,TBPD,thousand barrels per day,,,67757.840998242
270,2000-03,57,Crude oil including lease condensate,1,Production,WORL,World,r,Region,TBPD,thousand barrels per day,,,67098.94185236226
271,2000-02,57,Crude oil including lease condensate,1,Production,WORL,World,r,Region,TBPD,thousand barrels per day,,,67065.69292338524
272,2000-01,57,Crude oil including lease condensate,1,Production,WORL,World,r,Region,TBPD,thousand barrels per day,,,66449.89397888981
273,1999-12,57,Crude oil including lease condensate,1,Production,WORL,World,r,Region,TBPD,thousand barrels per day,,,65428.2
274,1999-11,57,Crude oil including lease condensate,1,Production,WORL,World,r,Region,TBPD,thousand barrels per day,,,66236.0
275,1999-10,57,Crude oil including lease condensate,1,Production,WORL,World,r,Region,TBPD,thousand barrels per day,,,66254.0
276,1999-09,57,Crude oil including lease condensate,1,Production,WORL,World,r,Region,TBPD,thousand barrels per day,,,65748.0
277,1999-08,57,Crude oil including lease condensate,1,Production,WORL,World,r,Region,TBPD,thousand barrels per day,,,65706.0
278,1999-07,57,Crude oil including lease condensate,1,Production,WORL,World,r,Region,TBPD,thousand barrels per day,,,65819.0
279,1999-06,57,Crude oil including lease condensate,1,Production,WORL,World,r,Region,TBPD,thousand barrels per day,,,64307.9
280,1999-05,57,Crude oil including lease condensate,1,Production,WORL,World,r,Region,TBPD,thousand barrels per day,,,65352.7
281,1999-04,57,Crude oil including lease condensate,1,Production,WORL,World,r,Region,TBPD,thousand barrels per day,,,65545.7
282,1999-03,57,Crude oil including lease condensate,1,Production,WORL,World,r,Region,TBPD,thousand barrels per day,,,66988.7
283,1999-02,57,Crude oil including lease condensate,1,Production,WORL,World,r,Region,TBPD,thousand barrels per day,,,67312.6
284,1999-01,57,Crude oil including lease condensate,1,Production,WORL,World,r,Region,TBPD,thousand barrels per day,,,66986.7
285,1998-12,57,Crude oil including lease condensate,1,Production,WORL,World,r,Region,TBPD,thousand barrels per day,,,66771.7
286,1998-11,57,Crude oil including lease condensate,1,Production,WORL,World,r,Region,TBPD,thousand barrels per day,,,66946.6
287,1998-10,57,Crude oil including lease condensate,1,Production,WORL,World,r,Region,TBPD,thousand barrels per day,,,66101.6
288,1998-09,57,Crude oil including lease condensate,1,Production,WORL,World,r,Region,TBPD,thousand barrels per day,,,65986.6
289,1998-08,57,Crude oil including lease condensate,1,Production,WORL,World,r,Region,TBPD,thousand barrels per day,,,65905.5
290,1998-07,57,Crude oil including lease condensate,1,Production,WORL,World,r,Region,TBPD,thousand barrels per day,,,66879.6
291,1998-06,57,Crude oil including lease condensate,1,Production,WORL,World,r,Region,TBPD,thousand barrels per day,,,67017.6
292,1998-05,57,Crude oil including lease condensate,1,Production,WORL,World,r,Region,TBPD,thousand barrels per day,,,67296.3
293,1998-04,57,Crude oil including lease condensate,1,Production,WORL,World,r,Region,TBPD,thousand barrels per day,,,67829.6
294,1998-03,57,Crude oil including lease condensate,1,Production,WORL,World,r,Region,TBPD,thousand barrels per day,,,67964.7
295,1998-02,57,Crude oil including lease condensate,1,Production,WORL,World,r,Region,TBPD,thousand barrels per day,,,68083.7
296,1998-01,57,Crude oil including lease condensate,1,Production,WORL,World,r,Region,TBPD,thousand barrels per day,,,67710.7
297,1997-12,57,Crude oil including lease condensate,1,Production,WORL,World,r,Region,TBPD,thousand barrels per day,,,66494.9
298,1997-11,57,Crude oil including lease condensate,1,Production,WORL,World,r,Region,TBPD,thousand barrels per day,,,66681.0
299,1997-10,57,Crude oil including lease condensate,1,Production,WORL,World,r,Region,TBPD,thousand barrels per day,,,66828.0
300,1997-09,57,Crude oil including lease condensate,1,Production,WORL,World,r,Region,TBPD,thousand barrels per day,,,66311.9
301,1997-08,57,Crude oil including lease condensate,1,Production,WORL,World,r,Region,TBPD,thousand barrels per day,,,65949.5
302,1997-07,57,Crude oil including lease condensate,1,Production,WORL,World,r,Region,TBPD,thousand barrels per day,,,65068.5
303,1997-06,57,Crude oil including lease condensate,1,Production,WORL,World,r,Region,TBPD,thousand barrels per day,,,64622.2
304,1997-05,57,Crude oil including lease condensate,1,Production,WORL,World,r,Region,TBPD,thousand barrels per day,,,65393.8
305,1997-04,57,Crude oil including lease condensate,1,Production,WORL,World,r,Region,TBPD,thousand barrels per day,,,66048.6
306,1997-03,57,Crude oil including lease condensate,1,Production,WORL,World,r,Region,TBPD,thousand barrels per day,,,65527.2
307,1997-02,57,Crude oil including lease condensate,1,Production,WORL,World,r,Region,TBPD,thousand barrels per day,,,65540.1
308,1997-01,57,Crude oil including lease condensate,1,Production,WORL,World,r,Region,TBPD,thousand barrels per day,,,65180.2
309,1996-12,57,Crude oil including lease condensate,1,Production,WORL,World,r,Region,TBPD,thousand barrels per day,,,65242.0
310,1996-11,57,Crude oil including lease condensate,1,Production,WORL,World,r,Region,TBPD,thousand barrels per day,,,64672.0
311,1996-10,57,Crude oil including lease condensate,1,Production,WORL,World,r,Region,TBPD,thousand barrels per day,,,64223.0
312,1996-09,57,Crude oil including lease condensate,1,Production,WORL,World,r,Region,TBPD,thousand barrels per day,,,63858.0
313,1996-08,57,Crude oil including lease condensate,1,Production,WORL,World,r,Region,TBPD,thousand barrels per day,,,63386.0
314,1996-07,57,Crude oil including lease condensate,1,Production,WORL,World,r,Region,TBPD,thousand barrels per day,,,63737.0
315,1996-06,57,Crude oil including lease condensate,1,Production,WORL,World,r,Region,TBPD,thousand barrels per day,,,63661.0
316,1996-05,57,Crude oil including lease condensate,1,Production,WORL,World,r,Region,TBPD,thousand barrels per day,,,63337.5
317,1996-04,57,Crude oil including lease condensate,1,Production,WORL,World,r,Region,TBPD,thousand barrels per day,,,63338.5
318,1996-03,57,Crude oil including lease condensate,1,Production,WORL,World,r,Region,TBPD,thousand barrels per day,,,63483.5
319,1996-02,57,Crude oil including lease condensate,1,Production,WORL,World,r,Region,TBPD,thousand barrels per day,,,63633.6
320,1996-01,57,Crude oil including lease condensate,1,Production,WORL,World,r,Region,TBPD,thousand barrels per day,,,63237.5
321,1995-12,57,Crude oil including lease condensate,1,Production,WORL,World,r,Region,TBPD,thousand barrels per day,,,63287.4
322,1995-11,57,Crude oil including lease condensate,1,Production,WORL,World,r,Region,TBPD,thousand barrels per day,,,62891.4
323,1995-10,57,Crude oil including lease condensate,1,Production,WORL,World,r,Region,TBPD,thousand barrels per day,,,62672.4
324,1995-09,57,Crude oil including lease condensate,1,Production,WORL,World,r,Region,TBPD,thousand barrels per day,,,63036.4
325,1995-08,57,Crude oil including lease condensate,1,Production,WORL,World,r,Region,TBPD,thousand barrels per day,,,62640.4
326,1995-07,57,Crude oil including lease condensate,1,Production,WORL,World,r,Region,TBPD,thousand barrels per day,,,62506.4
327,1995-06,57,Crude oil including lease condensate,1,Production,WORL,World,r,Region,TBPD,thousand barrels per day,,,61555.0
328,1995-05,57,Crude oil including lease condensate,1,Production,WORL,World,r,Region,TBPD,thousand barrels per day,,,62413.0
329,1995-04,57,Crude oil including lease condensate,1,Production,WORL,World,r,Region,TBPD,thousand barrels per day,,,62401.1
330,1995-03,57,Crude oil including lease condensate,1,Production,WORL,World,r,Region,TBPD,thousand barrels per day,,,61604.1
331,1995-02,57,Crude oil including lease condensate,1,Production,WORL,World,r,Region,TBPD,thousand barrels per day,,,62344.1
332,1995-01,57,Crude oil including lease condensate,1,Production,WORL,World,r,Region,TBPD,thousand barrels per day,,,61842.1
333,1994-12,57,Crude oil including lease condensate,1,Production,WORL,World,r,Region,TBPD,thousand barrels per day,,,62267.0
334,1994-11,57,Crude oil including lease condensate,1,Production,WORL,World,r,Region,TBPD,thousand barrels per day,,,61943.0
335,1994-10,57,Crude oil including lease condensate,1,Production,WORL,World,r,Region,TBPD,thousand barrels per day,,,61769.0
336,1994-09,57,Crude oil including lease condensate,1,Production,WORL,World,r,Region,TBPD,thousand barrels per day,,,61273.0
337,1994-08,57,Crude oil including lease condensate,1,Production,WORL,World,r,Region,TBPD,thousand barrels per day,,,60662.0
338,1994-07,57,Crude oil including lease condensate,1,Production,WORL,World,r,Region,TBPD,thousand barrels per day,,,60766.0
339,1994-06,57,Crude oil including lease condensate,1,Production,WORL,World,r,Region,TBPD,thousand barrels per day,,,61162.0
340,1994-05,57,Crude oil including lease condensate,1,Production,WORL,World,r,Region,TBPD,thousand barrels per day,,,60850.1
341,1994-04,57,Crude oil including lease condensate,1,Production,WORL,World,r,Region,TBPD,thousand barrels per day,,,60411.0
342,1994-03,57,Crude oil including lease condensate,1,Production,WORL,World,r,Region,TBPD,thousand barrels per day,,,60868.7
343,1994-02,57,Crude oil including lease condensate,1,Production,WORL,World,r,Region,TBPD,thousand barrels per day,,,60960.8
344,1994-01,57,Crude oil including lease condensate,1,Production,WORL,World,r,Region,TBPD,thousand barrels per day,,,61138.9
345,1993-12,57,Crude oil including lease condensate,1,Production,WORL,World,r,Region,TBPD,thousand barrels per day,,,60837.893
346,1993-11,57,Crude oil including lease condensate,1,Production,WORL,World,r,Region,TBPD,thousand barrels per day,,,60445.99
347,1993-10,57,Crude oil including lease condensate,1,Production,WORL,World,r,Region,TBPD,thousand barrels per day,,,60385.327
348,1993-09,57,Crude oil including lease condensate,1,Production,WORL,World,r,Region,TBPD,thousand barrels per day,,,59921.026
349,1993-08,57,Crude oil including lease condensate,1,Production,WORL,World,r,Region,TBPD,thousand barrels per day,,,59895.148
350,1993-07,57,Crude oil including lease condensate,1,Production,WORL,World,r,Region,TBPD,thousand barrels per day,,,60069.081
351,1993-06,57,Crude oil including lease condensate,1,Production,WORL,World,r,Region,TBPD,thousand barrels per day,,,59473.076
352,1993-05,57,Crude oil including lease condensate,1,Production,WORL,World,r,Region,TBPD,thousand barrels per day,,,59713.933
353,1993-04,57,Crude oil including lease condensate,1,Production,WORL,World,r,Region,TBPD,thousand barrels per day,,,59577.715
354,1993-03,57,Crude oil including lease condensate,1,Production,WORL,World,r,Region,TBPD,thousand barrels per day,,,60256.832
355,1993-02,57,Crude oil including lease condensate,1,Production,WORL,World,r,Region,TBPD,thousand barrels per day,,,60965.441
356,1993-01,57,Crude oil including lease condensate,1,Production,WORL,World,r,Region,TBPD,thousand barrels per day,,,60602.361
357,1992-12,57,Crude oil including lease condensate,1,Production,WORL,World,r,Region,TBPD,thousand barrels per day,,,60790.383
358,1992-11,57,Crude oil including lease condensate,1,Production,WORL,World,r,Region,TBPD,thousand barrels per day,,,60469.679
359,1992-10,57,Crude oil including lease condensate,1,Production,WORL,World,r,Region,TBPD,thousand barrels per day,,,60758.671
360,1992-09,57,Crude oil including lease condensate,1,Production,WORL,World,r,Region,TBPD,thousand barrels per day,,,59960.921
361,1992-08,57,Crude oil including lease condensate,1,Production,WORL,World,r,Region,TBPD,thousand barrels per day,,,59699.38
362,1992-07,57,Crude oil including lease condensate,1,Production,WORL,World,r,Region,TBPD,thousand barrels per day,,,59712.625
363,1992-06,57,Crude oil including lease condensate,1,Production,WORL,World,r,Region,TBPD,thousand barrels per day,,,59247.736
364,1992-05,57,Crude oil including lease condensate,1,Production,WORL,World,r,Region,TBPD,thousand barrels per day,,,59005.23
365,1992-04,57,Crude oil including lease condensate,1,Production,WORL,World,r,Region,TBPD,thousand barrels per day,,,60133.336
366,1992-03,57,Crude oil including lease condensate,1,Production,WORL,World,r,Region,TBPD,thousand barrels per day,,,59773.365
367,1992-02,57,Crude oil including lease condensate,1,Production,WORL,World,r,Region,TBPD,thousand barrels per day,,,60422.656
368,1992-01,57,Crude oil including lease condensate,1,Production,WORL,World,r,Region,TBPD,thousand barrels per day,,,61259.803
369,1991-12,57,Crude oil including lease condensate,1,Production,WORL,World,r,Region,TBPD,thousand barrels per day,,,61143.298
370,1991-11,57,Crude oil including lease condensate,1,Production,WORL,World,r,Region,TBPD,thousand barrels per day,,,60735.218
371,1991-10,57,Crude oil including lease condensate,1,Production,WORL,World,r,Region,TBPD,thousand barrels per day,,,60489.449
372,1991-09,57,Crude oil including lease condensate,1,Production,WORL,World,r,Region,TBPD,thousand barrels per day,,,60534.055
373,1991-08,57,Crude oil including lease condensate,1,Production,WORL,World,r,Region,TBPD,thousand barrels per day,,,59495.341
374,1991-07,57,Crude oil including lease condensate,1,Production,WORL,World,r,Region,TBPD,thousand barrels per day,,,60191.613
375,1991-06,57,Crude oil including lease condensate,1,Production,WORL,World,r,Region,TBPD,thousand barrels per day,,,59198.905
376,1991-05,57,Crude oil including lease condensate,1,Production,WORL,World,r,Region,TBPD,thousand barrels per day,,,59006.359
377,1991-04,57,Crude oil including lease condensate,1,Production,WORL,World,r,Region,TBPD,thousand barrels per day,,,59183.328
378,1991-03,57,Crude oil including lease condensate,1,Production,WORL,World,r,Region,TBPD,thousand barrels per day,,,60581.691
379,1991-02,57,Crude oil including lease condensate,1,Production,WORL,World,r,Region,TBPD,thousand barrels per day,,,60326.57
380,1991-01,57,Crude oil including lease condensate,1,Production,WORL,World,r,Region,TBPD,thousand barrels per day,,,60637.251
381,1990-12,57,Crude oil including lease condensate,1,Production,WORL,World,r,Region,TBPD,thousand barrels per day,,,60883.958
382,1990-11,57,Crude oil including lease condensate,1,Production,WORL,World,r,Region,TBPD,thousand barrels per day,,,60672.389
383,1990-10,57,Crude oil including lease condensate,1,Production,WORL,World,r,Region,TBPD,thousand barrels per day,,,59854.228
384,1990-09,57,Crude oil including lease condensate,1,Production,WORL,World,r,Region,TBPD,thousand barrels per day,,,59513.976
385,1990-08,57,Crude oil including lease condensate,1,Production,WORL,World,r,Region,TBPD,thousand barrels per day,,,56965.632
386,1990-07,57,Crude oil including lease condensate,1,Production,WORL,World,r,Region,TBPD,thousand barrels per day,,,60513.802
387,1990-06,57,Crude oil including lease condensate,1,Production,WORL,World,r,Region,TBPD,thousand barrels per day,,,60409.37
388,1990-05,57,Crude oil including lease condensate,1,Production,WORL,World,r,Region,TBPD,thousand barrels per day,,,61238.41
389,1990-04,57,Crude oil including lease condensate,1,Production,WORL,World,r,Region,TBPD,thousand barrels per day,,,61805.933
390,1990-03,57,Crude oil including lease condensate,1,Production,WORL,World,r,Region,TBPD,thousand barrels per day,,,62082.423
391,1990-02,57,Crude oil including lease condensate,1,Production,WORL,World,r,Region,TBPD,thousand barrels per day,,,61178.881
392,1990-01,57,Crude oil including lease condensate,1,Production,WORL,World,r,Region,TBPD,thousand barrels per day,,,60921.388
393,1989-12,57,Crude oil including lease condensate,1,Production,WORL,World,r,Region,TBPD,thousand barrels per day,,,61485.176
394,1989-11,57,Crude oil including lease condensate,1,Production,WORL,World,r,Region,TBPD,thousand barrels per day,,,61842.351
395,1989-10,57,Crude oil including lease condensate,1,Production,WORL,World,r,Region,TBPD,thousand barrels per day,,,61081.978
396,1989-09,57,Crude oil including lease condensate,1,Production,WORL,World,r,Region,TBPD,thousand barrels per day,,,60511.699
397,1989-08,57,Crude oil including lease condensate,1,Production,WORL,World,r,Region,TBPD,thousand barrels per day,,,60428.657
398,1989-07,57,Crude oil including lease condensate,1,Production,WORL,World,r,Region,TBPD,thousand barrels per day,,,59536.219
399,1989-06,57,Crude oil including lease condensate,1,Production,WORL,World,r,Region,TBPD,thousand barrels per day,,,59017.965
400,1989-05,57,Crude oil including lease condensate,1,Production,WORL,World,r,Region,TBPD,thousand barrels per day,,,58980.947
401,1989-04,57,Crude oil including lease condensate,1,Production,WORL,World,r,Region,TBPD,thousand barrels per day,,,59059.986
402,1989-03,57,Crude oil including lease condensate,1,Production,WORL,World,r,Region,TBPD,thousand barrels per day,,,58629.775
403,1989-02,57,Crude oil including lease condensate,1,Production,WORL,World,r,Region,TBPD,thousand barrels per day,,,58227.577
404,1989-01,57,Crude oil including lease condensate,1,Production,WORL,World,r,Region,TBPD,thousand barrels per day,,,58706.812
405,1988-12,57,Crude oil including lease condensate,1,Production,WORL,World,r,Region,TBPD,thousand barrels per day,,,61597.285
406,1988-11,57,Crude oil including lease condensate,1,Production,WORL,World,r,Region,TBPD,thousand barrels per day,,,61350.139
407,1988-10,57,Crude oil including lease condensate,1,Production,WORL,World,r,Region,TBPD,thousand barrels per day,,,60890.869
408,1988-09,57,Crude oil including lease condensate,1,Production,WORL,World,r,Region,TBPD,thousand barrels per day,,,59206.876
409,1988-08,57,Crude oil including lease condensate,1,Production,WORL,World,r,Region,TBPD,thousand barrels per day,,,58852.668
410,1988-07,57,Crude oil including lease condensate,1,Production,WORL,World,r,Region,TBPD,thousand barrels per day,,,57695.987
411,1988-06,57,Crude oil including lease condensate,1,Production,WORL,World,r,Region,TBPD,thousand barrels per day,,,57271.737
412,1988-05,57,Crude oil including lease condensate,1,Production,WORL,World,r,Region,TBPD,thousand barrels per day,,,57606.934
413,1988-04,57,Crude oil including lease condensate,1,Production,WORL,World,r,Region,TBPD,thousand barrels per day,,,57890.101
414,1988-03,57,Crude oil including lease condensate,1,Production,WORL,World,r,Region,TBPD,thousand barrels per day,,,57578.918
415,1988-02,57,Crude oil including lease condensate,1,Production,WORL,World,r,Region,TBPD,thousand barrels per day,,,57217.705
416,1988-01,57,Crude oil including lease condensate,1,Production,WORL,World,r,Region,TBPD,thousand barrels per day,,,57137.658
417,1987-12,57,Crude oil including lease condensate,1,Production,WORL,World,r,Region,TBPD,thousand barrels per day,,,57936.912
418,1987-11,57,Crude oil including lease condensate,1,Production,WORL,World,r,Region,TBPD,thousand barrels per day,,,57862.849
419,1987-10,57,Crude oil including lease condensate,1,Production,WORL,World,r,Region,TBPD,thousand barrels per day,,,58325.247
420,1987-09,57,Crude oil including lease condensate,1,Production,WORL,World,r,Region,TBPD,thousand barrels per day,,,58130.079
421,1987-08,57,Crude oil including lease condensate,1,Production,WORL,World,r,Region,TBPD,thousand barrels per day,,,58737.602
422,1987-07,57,Crude oil including lease condensate,1,Production,WORL,World,r,Region,TBPD,thousand barrels per day,,,57939.915
423,1987-06,57,Crude oil including lease condensate,1,Production,WORL,World,r,Region,TBPD,thousand barrels per day,,,55375.706
424,1987-05,57,Crude oil including lease condensate,1,Production,WORL,World,r,Region,TBPD,thousand barrels per day,,,55674.963
425,1987-04,57,Crude oil including lease condensate,1,Production,WORL,World,r,Region,TBPD,thousand barrels per day,,,54870.27
426,1987-03,57,Crude oil including lease condensate,1,Production,WORL,World,r,Region,TBPD,thousand barrels per day,,,54196.69
427,1987-02,57,Crude oil including lease condensate,1,Production,WORL,World,r,Region,TBPD,thousand barrels per day,,,54938.329
428,1987-01,57,Crude oil including lease condensate,1,Production,WORL,World,r,Region,TBPD,thousand barrels per day,,,55634.929
429,1986-12,57,Crude oil including lease condensate,1,Production,WORL,World,r,Region,TBPD,thousand barrels per day,,,56434.726
430,1986-11,57,Crude oil including lease condensate,1,Production,WORL,World,r,Region,TBPD,thousand barrels per day,,,56264.428
431,1986-10,57,Crude oil including lease condensate,1,Production,WORL,World,r,Region,TBPD,thousand barrels per day,,,55334.802
432,1986-09,57,Crude oil including lease condensate,1,Production,WORL,World,r,Region,TBPD,thousand barrels per day,,,54978.178
433,1986-08,57,Crude oil including lease condensate,1,Production,WORL,World,r,Region,TBPD,thousand barrels per day,,,59013.237
434,1986-07,57,Crude oil including lease condensate,1,Production,WORL,World,r,Region,TBPD,thousand barrels per day,,,58359.093
435,1986-06,57,Crude oil including lease condensate,1,Production,WORL,World,r,Region,TBPD,thousand barrels per day,,,57220.1
436,1986-05,57,Crude oil including lease condensate,1,Production,WORL,World,r,Region,TBPD,thousand barrels per day,,,56447.749
437,1986-04,57,Crude oil including lease condensate,1,Production,WORL,World,r,Region,TBPD,thousand barrels per day,,,55266.682
438,1986-03,57,Crude oil including lease condensate,1,Production,WORL,World,r,Region,TBPD,thousand barrels per day,,,55162.501
439,1986-02,57,Crude oil including lease condensate,1,Production,WORL,World,r,Region,TBPD,thousand barrels per day,,,55660.371
440,1986-01,57,Crude oil including lease condensate,1,Production,WORL,World,r,Region,TBPD,thousand barrels per day,,,55650.355
441,1985-12,57,Crude oil including lease condensate,1,Production,WORL,World,r,Region,TBPD,thousand barrels per day,,,56571.921
442,1985-11,57,Crude oil including lease condensate,1,Production,WORL,World,r,Region,TBPD,thousand barrels per day,,,56257.011
443,1985-10,57,Crude oil including lease condensate,1,Production,WORL,World,r,Region,TBPD,thousand barrels per day,,,55779.147
444,1985-09,57,Crude oil including lease condensate,1,Production,WORL,World,r,Region,TBPD,thousand barrels per day,,,54095.625
445,1985-08,57,Crude oil including lease condensate,1,Production,WORL,World,r,Region,TBPD,thousand barrels per day,,,52216.159
446,1985-07,57,Crude oil including lease condensate,1,Production,WORL,World,r,Region,TBPD,thousand barrels per day,,,52353.12
447,1985-06,57,Crude oil including lease condensate,1,Production,WORL,World,r,Region,TBPD,thousand barrels per day,,,51324.413
448,1985-05,57,Crude oil including lease condensate,1,Production,WORL,World,r,Region,TBPD,thousand barrels per day,,,52782.998
449,1985-04,57,Crude oil including lease condensate,1,Production,WORL,World,r,Region,TBPD,thousand barrels per day,,,54219.59
450,1985-03,57,Crude oil including lease condensate,1,Production,WORL,World,r,Region,TBPD,thousand barrels per day,,,54645.468
451,1985-02,57,Crude oil including lease condensate,1,Production,WORL,World,r,Region,TBPD,thousand barrels per day,,,54426.531
452,1985-01,57,Crude oil including lease condensate,1,Production,WORL,World,r,Region,TBPD,thousand barrels per day,,,52956.948
453,1984-12,57,Crude oil including lease condensate,1,Production,WORL,World,r,Region,TBPD,thousand barrels per day,,,54193.563
454,1984-11,57,Crude oil including lease condensate,1,Production,WORL,World,r,Region,TBPD,thousand barrels per day,,,54233.57
455,1984-10,57,Crude oil including lease condensate,1,Production,WORL,World,r,Region,TBPD,thousand barrels per day,,,54216.567
456,1984-09,57,Crude oil including lease condensate,1,Production,WORL,World,r,Region,TBPD,thousand barrels per day,,,53805.487
457,1984-08,57,Crude oil including lease condensate,1,Production,WORL,World,r,Region,TBPD,thousand barrels per day,,,53346.397
458,1984-07,57,Crude oil including lease condensate,1,Production,WORL,World,r,Region,TBPD,thousand barrels per day,,,55024.725
459,1984-06,57,Crude oil including lease condensate,1,Production,WORL,World,r,Region,TBPD,thousand barrels per day,,,55744.865
460,1984-05,57,Crude oil including lease condensate,1,Production,WORL,World,r,Region,TBPD,thousand barrels per day,,,54467.616
461,1984-04,57,Crude oil including lease condensate,1,Production,WORL,World,r,Region,TBPD,thousand barrels per day,,,54848.69
462,1984-03,57,Crude oil including lease condensate,1,Production,WORL,World,r,Region,TBPD,thousand barrels per day,,,54649.651
463,1984-02,57,Crude oil including lease condensate,1,Production,WORL,World,r,Region,TBPD,thousand barrels per day,,,54927.706
464,1984-01,57,Crude oil including lease condensate,1,Production,WORL,World,r,Region,TBPD,thousand barrels per day,,,54576.637
465,1983-12,57,Crude oil including lease condensate,1,Production,WORL,World,r,Region,TBPD,thousand barrels per day,,,54454.589
466,1983-11,57,Crude oil including lease condensate,1,Production,WORL,World,r,Region,TBPD,thousand barrels per day,,,55259.509
467,1983-10,57,Crude oil including lease condensate,1,Production,WORL,World,r,Region,TBPD,thousand barrels per day,,,54891.545
468,1983-09,57,Crude oil including lease condensate,1,Production,WORL,World,r,Region,TBPD,thousand barrels per day,,,55152.519
469,1983-08,57,Crude oil including lease condensate,1,Production,WORL,World,r,Region,TBPD,thousand barrels per day,,,54498.585
470,1983-07,57,Crude oil including lease condensate,1,Production,WORL,World,r,Region,TBPD,thousand barrels per day,,,54651.57
471,1983-06,57,Crude oil including lease condensate,1,Production,WORL,World,r,Region,TBPD,thousand barrels per day,,,52868.746
472,1983-05,57,Crude oil including lease condensate,1,Production,WORL,World,r,Region,TBPD,thousand barrels per day,,,52658.767
473,1983-04,57,Crude oil including lease condensate,1,Production,WORL,World,r,Region,TBPD,thousand barrels per day,,,50958.936
474,1983-03,57,Crude oil including lease condensate,1,Production,WORL,World,r,Region,TBPD,thousand barrels per day,,,50735.958
475,1983-02,57,Crude oil including lease condensate,1,Production,WORL,World,r,Region,TBPD,thousand barrels per day,,,49812.05
476,1983-01,57,Crude oil including lease condensate,1,Production,WORL,World,r,Region,TBPD,thousand barrels per day,,,52762.757
477,1982-12,57,Crude oil including lease condensate,1,Production,WORL,World,r,Region,TBPD,thousand barrels per day,,,54251.558
478,1982-11,57,Crude oil including lease condensate,1,Production,WORL,World,r,Region,TBPD,thousand barrels per day,,,55385.984
479,1982-10,57,Crude oil including lease condensate,1,Production,WORL,World,r,Region,TBPD,thousand barrels per day,,,54797.282
480,1982-09,57,Crude oil including lease condensate,1,Production,WORL,World,r,Region,TBPD,thousand barrels per day,,,53081.15
481,1982-08,57,Crude oil including lease condensate,1,Production,WORL,World,r,Region,TBPD,thousand barrels per day,,,53226.077
482,1982-07,57,Crude oil including lease condensate,1,Production,WORL,World,r,Region,TBPD,thousand barrels per day,,,53304.037
483,1982-06,57,Crude oil including lease condensate,1,Production,WORL,World,r,Region,TBPD,thousand barrels per day,,,53723.825
484,1982-05,57,Crude oil including lease condensate,1,Production,WORL,World,r,Region,TBPD,thousand barrels per day,,,51782.807
485,1982-04,57,Crude oil including lease condensate,1,Production,WORL,World,r,Region,TBPD,thousand barrels per day,,,50937.234
486,1982-03,57,Crude oil including lease condensate,1,Production,WORL,World,r,Region,TBPD,thousand barrels per day,,,52235.578
487,1982-02,57,Crude oil including lease condensate,1,Production,WORL,World,r,Region,TBPD,thousand barrels per day,,,54057.656
488,1982-01,57,Crude oil including lease condensate,1,Production,WORL,World,r,Region,TBPD,thousand barrels per day,,,54696.333
489,1981-12,57,Crude oil including lease condensate,1,Production,WORL,World,r,Region,TBPD,thousand barrels per day,,,54949.157
490,1981-11,57,Crude oil including lease condensate,1,Production,WORL,World,r,Region,TBPD,thousand barrels per day,,,53982.612
491,1981-10,57,Crude oil including lease condensate,1,Production,WORL,World,r,Region,TBPD,thousand barrels per day,,,54556.342
492,1981-09,57,Crude oil including lease condensate,1,Production,WORL,World,r,Region,TBPD,thousand barrels per day,,,54190.514
493,1981-08,57,Crude oil including lease condensate,1,Production,WORL,World,r,Region,TBPD,thousand barrels per day,,,54079.566
494,1981-07,57,Crude oil including lease condensate,1,Production,WORL,World,r,Region,TBPD,thousand barrels per day,,,55016.126
495,1981-06,57,Crude oil including lease condensate,1,Production,WORL,World,r,Region,TBPD,thousand barrels per day,,,56310.517
496,1981-05,57,Crude oil including lease condensate,1,Production,WORL,World,r,Region,TBPD,thousand barrels per day,,,56994.195
497,1981-04,57,Crude oil including lease condensate,1,Production,WORL,World,r,Region,TBPD,thousand barrels per day,,,57803.815
498,1981-03,57,Crude oil including lease condensate,1,Production,WORL,World,r,Region,TBPD,thousand barrels per day,,,58809.342
499,1981-02,57,Crude oil including lease condensate,1,Production,WORL,World,r,Region,TBPD,thousand barrels per day,,,58156.649
500,1981-01,57,Crude oil including lease condensate,1,Production,WORL,World,r,Region,TBPD,thousand barrels per day,,,57891.773
501,1980-12,57,Crude oil including lease condensate,1,Production,WORL,World,r,Region,TBPD,thousand barrels per day,,,58047.975
502,1980-11,57,Crude oil including lease condensate,1,Production,WORL,World,r,Region,TBPD,thousand barrels per day,,,56668.926
503,1980-10,57,Crude oil including lease condensate,1,Production,WORL,World,r,Region,TBPD,thousand barrels per day,,,55842.496
504,1980-09,57,Crude oil including lease condensate,1,Production,WORL,World,r,Region,TBPD,thousand barrels per day,,,58297.803
505,1980-08,57,Crude oil including lease condensate,1,Production,WORL,World,r,Region,TBPD,thousand barrels per day,,,59446.012
506,1980-07,57,Crude oil including lease condensate,1,Production,WORL,World,r,Region,TBPD,thousand barrels per day,,,59608.899
507,1980-06,57,Crude oil including lease condensate,1,Production,WORL,World,r,Region,TBPD,thousand barrels per day,,,60008.624
508,1980-05,57,Crude oil including lease condensate,1,Production,WORL,World,r,Region,TBPD,thousand barrels per day,,,59778.782
509,1980-04,57,Crude oil including lease condensate,1,Production,WORL,World,r,Region,TBPD,thousand barrels per day,,,60391.36
510,1980-03,57,Crude oil including lease condensate,1,Production,WORL,World,r,Region,TBPD,thousand barrels per day,,,61647.494
511,1980-02,57,Crude oil including lease condensate,1,Production,WORL,World,r,Region,TBPD,thousand barrels per day,,,62715.757
512,1980-01,57,Crude oil including lease condensate,1,Production,WORL,World,r,Region,TBPD,thousand barrels per day,,,62348.011
513,1979-12,57,Crude oil including lease condensate,1,Production,WORL,World,r,Region,TBPD,thousand barrels per day,,,63490.0
514,1979-11,57,Crude oil including lease condensate,1,Production,WORL,World,r,Region,TBPD,thousand barrels per day,,,63954.0
515,1979-10,57,Crude oil including lease condensate,1,Production,WORL,World,r,Region,TBPD,thousand barrels per day,,,63629.0
516,1979-09,57,Crude oil including lease condensate,1,Production,WORL,World,r,Region,TBPD,thousand barrels per day,,,63183.0
517,1979-08,57,Crude oil including lease condensate,1,Production,WORL,World,r,Region,TBPD,thousand barrels per day,,,63425.0
518,1979-07,57,Crude oil including lease condensate,1,Production,WORL,World,r,Region,TBPD,thousand barrels per day,,,63552.0
519,1979-06,57,Crude oil including lease condensate,1,Production,WORL,World,r,Region,TBPD,thousand barrels per day,,,62919.0
520,1979-05,57,Crude oil including lease condensate,1,Production,WORL,World,r,Region,TBPD,thousand barrels per day,,,62667.0
521,1979-04,57,Crude oil including lease condensate,1,Production,WORL,World,r,Region,TBPD,thousand barrels per day,,,62870.0
522,1979-03,57,Crude oil including lease condensate,1,Production,WORL,World,r,Region,TBPD,thousand barrels per day,,,61633.0
523,1979-02,57,Crude oil including lease condensate,1,Production,WORL,World,r,Region,TBPD,thousand barrels per day,,,60473.0
524,1979-01,57,Crude oil including lease condensate,1,Production,WORL,World,r,Region,TBPD,thousand barrels per day,,,60148.0
525,1978-12,57,Crude oil including lease condensate,1,Production,WORL,World,r,Region,TBPD,thousand barrels per day,,,61691.0
526,1978-11,57,Crude oil including lease condensate,1,Production,WORL,World,r,Region,TBPD,thousand barrels per day,,,63054.0
527,1978-10,57,Crude oil including lease condensate,1,Production,WORL,World,r,Region,TBPD,thousand barrels per day,,,62906.0
528,1978-09,57,Crude oil including lease condensate,1,Production,WORL,World,r,Region,TBPD,thousand barrels per day,,,62477.0
529,1978-08,57,Crude oil including lease condensate,1,Production,WORL,World,r,Region,TBPD,thousand barrels per day,,,60357.0
530,1978-07,57,Crude oil including lease condensate,1,Production,WORL,World,r,Region,TBPD,thousand barrels per day,,,59555.0
531,1978-06,57,Crude oil including lease condensate,1,Production,WORL,World,r,Region,TBPD,thousand barrels per day,,,59981.0
532,1978-05,57,Crude oil including lease condensate,1,Production,WORL,World,r,Region,TBPD,thousand barrels per day,,,58596.0
533,1978-04,57,Crude oil including lease condensate,1,Production,WORL,World,r,Region,TBPD,thousand barrels per day,,,59610.0
534,1978-03,57,Crude oil including lease condensate,1,Production,WORL,World,r,Region,TBPD,thousand barrels per day,,,58717.0
535,1978-02,57,Crude oil including lease condensate,1,Production,WORL,World,r,Region,TBPD,thousand barrels per day,,,58208.0
536,1978-01,57,Crude oil including lease condensate,1,Production,WORL,World,r,Region,TBPD,thousand barrels per day,,,56705.0
537,1977-12,57,Crude oil including lease condensate,1,Production,WORL,World,r,Region,TBPD,thousand barrels per day,,,62350.0
538,1977-11,57,Crude oil including lease condensate,1,Production,WORL,World,r,Region,TBPD,thousand barrels per day,,,61113.0
539,1977-10,57,Crude oil including lease condensate,1,Production,WORL,World,r,Region,TBPD,thousand barrels per day,,,59961.0
540,1977-09,57,Crude oil including lease condensate,1,Production,WORL,World,r,Region,TBPD,thousand barrels per day,,,60089.0
541,1977-08,57,Crude oil including lease condensate,1,Production,WORL,World,r,Region,TBPD,thousand barrels per day,,,58854.0
542,1977-07,57,Crude oil including lease condensate,1,Production,WORL,World,r,Region,TBPD,thousand barrels per day,,,58028.0
543,1977-06,57,Crude oil including lease condensate,1,Production,WORL,World,r,Region,TBPD,thousand barrels per day,,,59158.0
544,1977-05,57,Crude oil including lease condensate,1,Production,WORL,World,r,Region,TBPD,thousand barrels per day,,,58262.0
545,1977-04,57,Crude oil including lease condensate,1,Production,WORL,World,r,Region,TBPD,thousand barrels per day,,,60186.0
546,1977-03,57,Crude oil including lease condensate,1,Production,WORL,World,r,Region,TBPD,thousand barrels per day,,,61144.0
547,1977-02,57,Crude oil including lease condensate,1,Production,WORL,World,r,Region,TBPD,thousand barrels per day,,,60649.0
548,1977-01,57,Crude oil including lease condensate,1,Production,WORL,World,r,Region,TBPD,thousand barrels per day,,,56833.0
549,1976-12,57,Crude oil including lease condensate,1,Production,WORL,World,r,Region,TBPD,thousand barrels per day,,,62462.0
550,1976-11,57,Crude oil including lease condensate,1,Production,WORL,World,r,Region,TBPD,thousand barrels per day,,,60955.0
551,1976-10,57,Crude oil including lease condensate,1,Production,WORL,World,r,Region,TBPD,thousand barrels per day,,,60391.0
552,1976-09,57,Crude oil including lease condensate,1,Production,WORL,World,r,Region,TBPD,thousand barrels per day,,,58596.0
553,1976-08,57,Crude oil including lease condensate,1,Production,WORL,World,r,Region,TBPD,thousand barrels per day,,,57699.0
554,1976-07,57,Crude oil including lease condensate,1,Production,WORL,World,r,Region,TBPD,thousand barrels per day,,,57293.0
555,1976-06,57,Crude oil including lease condensate,1,Production,WORL,World,r,Region,TBPD,thousand barrels per day,,,56950.0
556,1976-05,57,Crude oil including lease condensate,1,Production,WORL,World,r,Region,TBPD,thousand barrels per day,,,55140.0
557,1976-04,57,Crude oil including lease condensate,1,Production,WORL,World,r,Region,TBPD,thousand barrels per day,,,54905.0
558,1976-03,57,Crude oil including lease condensate,1,Production,WORL,World,r,Region,TBPD,thousand barrels per day,,,55927.0
559,1976-02,57,Crude oil including lease condensate,1,Production,WORL,World,r,Region,TBPD,thousand barrels per day,,,54565.0
560,1976-01,57,Crude oil including lease condensate,1,Production,WORL,World,r,Region,TBPD,thousand barrels per day,,,53133.0
561,1975-12,57,Crude oil including lease condensate,1,Production,WORL,World,r,Region,TBPD,thousand barrels per day,,,53916.0
562,1975-11,57,Crude oil including lease condensate,1,Production,WORL,World,r,Region,TBPD,thousand barrels per day,,,53192.0
563,1975-10,57,Crude oil including lease condensate,1,Production,WORL,World,r,Region,TBPD,thousand barrels per day,,,51389.0
564,1975-09,57,Crude oil including lease condensate,1,Production,WORL,World,r,Region,TBPD,thousand barrels per day,,,56741.0
565,1975-08,57,Crude oil including lease condensate,1,Production,WORL,World,r,Region,TBPD,thousand barrels per day,,,55017.0
566,1975-07,57,Crude oil including lease condensate,1,Production,WORL,World,r,Region,TBPD,thousand barrels per day,,,53856.0
567,1975-06,57,Crude oil including lease condensate,1,Production,WORL,World,r,Region,TBPD,thousand barrels per day,,,52475.0
568,1975-05,57,Crude oil including lease condensate,1,Production,WORL,World,r,Region,TBPD,thousand barrels per day,,,51181.0
569,1975-04,57,Crude oil including lease condensate,1,Production,WORL,World,r,Region,TBPD,thousand barrels per day,,,50946.0
570,1975-03,57,Crude oil including lease condensate,1,Production,WORL,World,r,Region,TBPD,thousand barrels per day,,,51326.0
571,1975-02,57,Crude oil including lease condensate,1,Production,WORL,World,r,Region,TBPD,thousand barrels per day,,,51408.0
572,1975-01,57,Crude oil including lease condensate,1,Production,WORL,World,r,Region,TBPD,thousand barrels per day,,,52420.0
573,1974-12,57,Crude oil including lease condensate,1,Production,WORL,World,r,Region,TBPD,thousand barrels per day,,,54596.0
574,1974-11,57,Crude oil including lease condensate,1,Production,WORL,World,r,Region,TBPD,thousand barrels per day,,,55088.0
575,1974-10,57,Crude oil including lease condensate,1,Production,WORL,World,r,Region,TBPD,thousand barrels per day,,,55013.0
576,1974-09,57,Crude oil including lease condensate,1,Production,WORL,World,r,Region,TBPD,thousand barrels per day,,,54841.0
577,1974-08,57,Crude oil including lease condensate,1,Production,WORL,World,r,Region,TBPD,thousand barrels per day,,,54302.0
578,1974-07,57,Crude oil including lease condensate,1,Production,WORL,World,r,Region,TBPD,thousand barrels per day,,,55765.0
579,1974-06,57,Crude oil including lease condensate,1,Production,WORL,World,r,Region,TBPD,thousand barrels per day,,,56858.0
580,1974-05,57,Crude oil including lease condensate,1,Production,WORL,World,r,Region,TBPD,thousand barrels per day,,,57279.0
581,1974-04,57,Crude oil including lease condensate,1,Production,WORL,World,r,Region,TBPD,thousand barrels per day,,,57110.0
582,1974-03,57,Crude oil including lease condensate,1,Production,WORL,World,r,Region,TBPD,thousand barrels per day,,,56375.0
583,1974-02,57,Crude oil including lease condensate,1,Production,WORL,World,r,Region,TBPD,thousand barrels per day,,,55943.0
584,1974-01,57,Crude oil including lease condensate,1,Production,WORL,World,r,Region,TBPD,thousand barrels per day,,,55474.0
585,1973-12,57,Crude oil including lease condensate,1,Production,WORL,World,r,Region,TBPD,thousand barrels per day,,,54277.0
586,1973-11,57,Crude oil including lease condensate,1,Production,WORL,World,r,Region,TBPD,thousand barrels per day,,,53866.0
587,1973-10,57,Crude oil including lease condensate,1,Production,WORL,World,r,Region,TBPD,thousand barrels per day,,,56614.0
588,1973-09,57,Crude oil including lease condensate,1,Production,WORL,World,r,Region,TBPD,thousand barrels per day,,,57744.0
589,1973-08,57,Crude oil including lease condensate,1,Production,WORL,World,r,Region,TBPD,thousand barrels per day,,,56750.0
590,1973-07,57,Crude oil including lease condensate,1,Production,WORL,World,r,Region,TBPD,thousand barrels per day,,,57420.0
591,1973-06,57,Crude oil including lease condensate,1,Production,WORL,World,r,Region,TBPD,thousand barrels per day,,,55711.0
592,1973-05,57,Crude oil including lease condensate,1,Production,WORL,World,r,Region,TBPD,thousand barrels per day,,,56323.0
593,1973-04,57,Crude oil including lease condensate,1,Production,WORL,World,r,Region,TBPD,thousand barrels per day,,,55049.0
594,1973-03,57,Crude oil including lease condensate,1,Production,WORL,World,r,Region,TBPD,thousand barrels per day,,,54995.0
595,1973-02,57,Crude oil including lease condensate,1,Production,WORL,World,r,Region,TBPD,thousand barrels per day,,,54930.0
596,1973-01,57,Crude oil including lease condensate,1,Production,WORL,World,r,Region,TBPD,thousand barrels per day,,,54389.0
